<?xml version="1.0" ?>

<container xmlns="http://symfony.com/schema/dic/services"
    xmlns:xsi="http://www.w3.org/2001/XMLSchema-instance"
    xsi:schemaLocation="http://symfony.com/schema/dic/services http://symfony.com/schema/dic/services/services-1.0.xsd">
    <parameters>
        <parameter key="markethub.netshoes.factory.class">Gpupo\MarkethubBundle\Factory\NetshoesFactory</parameter>
        <parameter key="markethub.netshoes.client.class">Gpupo\NetshoesSdk\Client\Client</parameter>
        <parameter key="markethub.netshoes.product.manager.class">Gpupo\NetshoesSdk\Entity\Product\Manager</parameter>
        <parameter key="markethub.netshoes.order.manager.class">Gpupo\NetshoesSdk\Entity\Order\Manager</parameter>
        <parameter key="markethub.netshoes" type="collection">
            <parameter key="client_id" type="string"/>
            <parameter key="access_token" type="string"/>
            <parameter key="api_version" type="string">sandbox</parameter>
            <parameter key="verbose" type="string">false</parameter>
            <parameter key="register_path" type="string"/>
            <parameter key="ssl_version" type="string">SecureTransport</parameter>
            <parameter key="ssl_verify_peer" type="string">true</parameter>
        </parameter>
    </parameters>
   <services>
        <service id="markethub.netshoes.factory" class="%markethub.netshoes.factory.class%">
            <argument>%markethub.netshoes%</argument>
            <argument type="service" id="logger" on-invalid="ignore"></argument>
        </service>
        <service id="markethub.netshoes.client" class="%markethub.netshoes.client.class%">
            <factory service="markethub.netshoes.factory" method="getClient" />
        </service>
        <service id="markethub.netshoes.product.manager" class="%markethub.netshoes.product.manager.class%">
            <factory service="markethub.netshoes.factory" method="factoryManager" />
            <argument>%markethub.netshoes.product.manager.class%</argument>
        </service>
        <service id="markethub.netshoes.order.manager" class="%markethub.netshoes.order.manager.class%">
            <factory service="markethub.netshoes.factory" method="factoryManager" />
            <argument>%markethub.netshoes.order.manager.class%</argument>
        </service>
    </services>
</container>
